Workbook
Name GRADES: '5- Range VLookup'!$H$7:$I$13
Name ItemList: 'Item List'!$B$2:$D$12

Sheet 1 - Understanding
A1: Key Learning
A2: Understanding the Vlookup Formula Logic and Extract Names and Amount from Master Data
G4: Master Data
A5: Codes | B5: Names | C5: Amount | G5: Codes | H5: Names | I5: Amount
A6: 1001 | B6: =VLOOKUP(A6,$G$6:$I$15,2,FALSE) -> Jahangir | C6: =VLOOKUP(A6,$G$6:$I$15,3,0) -> 10000 | G6: 1001 | H6: Jahangir | I6: 10000
A7: 1002 | B7: =VLOOKUP(A7,$G$6:$I$15,2,FALSE) -> Sachwani | C7: =VLOOKUP(A7,$G$6:$I$15,3,0) -> 20000 | G7: 1002 | H7: Sachwani | I7: 20000
A8: 1003 | B8: =VLOOKUP(A8,$G$6:$I$15,2,FALSE) -> Haseeb | C8: =VLOOKUP(A8,$G$6:$I$15,3,0) -> 30000 | G8: 1003 | H8: Haseeb | I8: 30000
A9: 1004 | B9: =VLOOKUP(A9,$G$6:$I$15,2,FALSE) -> Hashmi | C9: =VLOOKUP(A9,$G$6:$I$15,3,0) -> 40000 | G9: 1004 | H9: Hashmi | I9: 40000
A10: 1005 | B10: =VLOOKUP(A10,$G$6:$I$15,2,FALSE) -> Nabeel | C10: =VLOOKUP(A10,$G$6:$I$15,3,0) -> 50000 | G10: 1005 | H10: Nabeel | I10: 50000
G11: 1006 | H11: Izzat | I11: =I10+10000 -> 60000
A12: Formula Questions: | G12: 1007 | H12: Tariq | I12: =I11+10000 -> 70000
A13: 1 | B13: What to find? | G13: 1008 | H13: Haider | I13: =I12+10000 -> 80000
A14: 2 | B14: Where to find? | G14: 1009 | H14: Imtiaz | I14: =I13+10000 -> 90000
A15: 3 | B15: What to return? | G15: 1010 | H15: Ahmad | I15: =I14+10000 -> 100000
A16: 4 | B16: Exact Match

Sheet 2 - From Worksheet - Workbook
A1: Key Learning
A2: 2 | B2: Extracting Data from Other Worksheets or Workbook using Vlookup
B6: Qty | C6: Item No. | D6: Description | E6: Unit Price | F6: Amount
B7: 1 | C7: 101 | D7: =VLOOKUP(C7,'Item List'!B3:D12,2,0) -> Executive Swivel Chair | E7: =VLOOKUP(C7,'Item List'!B3:D12,3,0) -> 425 | F7: =B7*E7 -> 425 | I7: What to find?
B8: 2 | C8: 103 | D8: =VLOOKUP(C8,'Item List'!B4:D13,2,0) -> Std Secretary Chair | E8: =VLOOKUP(C8,'Item List'!B4:D13,3,0) -> 145 | F8: =B8*E8 -> 290 | I8: Where to find?
B9: 3 | C9: 104 | D9: =VLOOKUP(C9,'Item List'!B5:D14,2,0) -> Deluxe Secretary Chair | E9: =VLOOKUP(C9,'Item List'!B5:D14,3,0) -> 185 | F9: =B9*E9 -> 555 | I9: What to return?
B10: 1 | C10: 106 | D10: =VLOOKUP(C10,'Item List'!B6:D15,2,0) -> Double Pedestal Desk | E10: =VLOOKUP(C10,'Item List'!B6:D15,3,0) -> 1255 | F10: =B10*E10 -> 1255 | I10: Exact Match
B11: 2 | C11: 108 | D11: =VLOOKUP(C11,'Item List'!B7:D16,2,0) -> Executive Filing Cabinet | E11: =VLOOKUP(C11,'Item List'!B7:D16,3,0) -> 395 | F11: =B11*E11 -> 790
B12: 3 | C12: 110 | D12: =VLOOKUP(C12,'Item List'!B8:D17,2,0) -> Contemporary Bookcase | E12: =VLOOKUP(C12,'Item List'!B8:D17,3,0) -> 650 | F12: =B12*E12 -> 1950
F13: =IF(B13*E13>0,B13*E13,"")
E15: Total: | F15: =SUM(F7:F13) -> 5265

Sheet Item List
B2: Item No. | C2: Description | D2: Unit Price
B3: 101 | C3: Executive Swivel Chair | D3: 425
B4: 102 | C4: Low-back Side Arm Chair | D4: 225 | F4: What to find?
B5: 103 | C5: Std Secretary Chair | D5: 145 | F5: Where to find?
B6: 104 | C6: Deluxe Secretary Chair | D6: 185 | F6: What to return?
B7: 105 | C7: Classic Side Arm Chair | D7: 150 | F7: Exact Match
B8: 106 | C8: Double Pedestal Desk | D8: 1255
B9: 107 | C9: Single Pedestal Desk | D9: 950
B10: 108 | C10: Executive Filing Cabinet | D10: 395
B11: 109 | C11: Executive Wastebasket | D11: 65
B12: 110 | C12: Contemporary Bookcase | D12: 650

Sheet 3 - Using Range Name
A1: Key Learning
A2: 3 | B2: Extracting Data from Other Worksheets using Vlookup with Range Name
B6: Qty | C6: Item No. | D6: Description | E6: Unit Price | F6: Amount
B7: 1 | C7: 101 | D7: =VLOOKUP(C7,ItemList,2,0) -> Executive Swivel Chair | E7: =VLOOKUP(C7,ItemList,3,0) -> 425 | F7: =B7*E7 -> 425 | H7: What to find?
B8: 2 | C8: 103 | D8: =VLOOKUP(C8,ItemList,2,0) -> Std Secretary Chair | E8: =VLOOKUP(C8,ItemList,3,0) -> 145 | F8: =B8*E8 -> 290 | H8: Where to find?
B9: 3 | C9: 104 | D9: =VLOOKUP(C9,ItemList,2,0) -> Deluxe Secretary Chair | E9: =VLOOKUP(C9,ItemList,3,0) -> 185 | F9: =B9*E9 -> 555 | H9: What to return?
B10: 1 | C10: 106 | D10: =VLOOKUP(C10,ItemList,2,0) -> Double Pedestal Desk | E10: =VLOOKUP(C10,ItemList,3,0) -> 1255 | F10: =B10*E10 -> 1255 | H10: Exact Match
B11: 2 | C11: 108 | D11: =VLOOKUP(C11,ItemList,2,0) -> Executive Filing Cabinet | E11: =VLOOKUP(C11,ItemList,3,0) -> 395 | F11: =B11*E11 -> 790
B12: 3 | C12: 110 | D12: =VLOOKUP(C12,ItemList,2,0) -> Contemporary Bookcase | E12: =VLOOKUP(C12,ItemList,3,0) -> 650 | F12: =B12*E12 -> 1950
F13: =IF(B13*E13>0,B13*E13,"")
E15: Total: | F15: =SUM(F7:F13) -> 5265

Sheet 4- Find in List
A1: Key Learning
A2: 4 | B2: Use VLOOKUP Function to identify the presented cheques
A5: Comparisons
B6: Bank List | F6: Cheque List
B7: CkNum | C7: Date | D7: Amount | F7: CkNum | G7: Date | H7: Amount | I7: Presented
B8: 364501 | C8: =VLOOKUP(B8,$F$8:$G$114,2,FALSE) -> 40263 | D8: 411 | F8: 364501 | G8: 40263 | H8: 411 | I8: =IFERROR(VLOOKUP(F8,$B$8:$D$37,3,0),"") -> 411
B9: 364565 | C9: =VLOOKUP(B9,$F$8:$G$114,2,FALSE) -> 40022 | D9: 714.57 | F9: 364502 | G9: 40114 | H9: 714.57 | I9: =IFERROR(VLOOKUP(F9,$B$8:$D$37,3,0),"")
B10: 364504 | C10: =VLOOKUP(B10,$F$8:$G$114,2,FALSE) -> 40168 | D10: 97 | F10: 364503 | G10: 40030 | H10: 81.33 | I10: =IFERROR(VLOOKUP(F10,$B$8:$D$37,3,0),"")
B11: 364505 | C11: =VLOOKUP(B11,$F$8:$G$114,2,FALSE) -> 40119 | D11: 124 | F11: 364504 | G11: 40168 | H11: 97 | I11: =IFERROR(VLOOKUP(F11,$B$8:$D$37,3,0),"") -> 97
B12: 364506 | C12: =VLOOKUP(B12,$F$8:$G$114,2,FALSE) -> 40131 | D12: 151 | F12: 364505 | G12: 40119 | H12: 124 | I12: =IFERROR(VLOOKUP(F12,$B$8:$D$37,3,0),"") -> 124
B13: 364508 | C13: =VLOOKUP(B13,$F$8:$G$114,2,FALSE) -> 40255 | D13: 205 | F13: 364506 | G13: 40131 | H13: 151 | I13: =IFERROR(VLOOKUP(F13,$B$8:$D$37,3,0),"") -> 151
B14: 364510 | C14: =VLOOKUP(B14,$F$8:$G$114,2,FALSE) -> 40283 | D14: 259 | F14: 364507 | G14: 40115 | H14: 178 | I14: =IFERROR(VLOOKUP(F14,$B$8:$D$37,3,0),"")
B15: 364512 | C15: =VLOOKUP(B15,$F$8:$G$114,2,FALSE) -> 40071 | D15: 313 | F15: 364508 | G15: 40255 | H15: 205 | I15: =IFERROR(VLOOKUP(F15,$B$8:$D$37,3,0),"") -> 205
B16: 364514 | C16: =VLOOKUP(B16,$F$8:$G$114,2,FALSE) -> 40013 | D16: 367 | F16: 364509 | G16: 40238 | H16: 232 | I16: =IFERROR(VLOOKUP(F16,$B$8:$D$37,3,0),"")
B17: 364554 | C17: =VLOOKUP(B17,$F$8:$G$114,2,FALSE) -> 40072 | D17: 421 | F17: 364510 | G17: 40283 | H17: 259 | I17: =IFERROR(VLOOKUP(F17,$B$8:$D$37,3,0),"") -> 259
B18: 364556 | C18: =VLOOKUP(B18,$F$8:$G$114,2,FALSE) -> 40081 | D18: 475 | F18: 364511 | G18: 40062 | H18: 286 | I18: =IFERROR(VLOOKUP(F18,$B$8:$D$37,3,0),"")
B19: 364558 | C19: =VLOOKUP(B19,$F$8:$G$114,2,FALSE) -> 40020 | D19: 529 | F19: 364512 | G19: 40071 | H19: 313 | I19: =IFERROR(VLOOKUP(F19,$B$8:$D$37,3,0),"") -> 313
... B37: 364584 | C37: =VLOOKUP(B37,$F$8:$G$114,2,FALSE) -> 40047 | D37: 1165 | F37: 364530 | G37: 40052 | H37: 1004 | I37: =IFERROR(VLOOKUP(F37,$B$8:$D$37,3,0),"")
F38: 364531 | G38: 40135 | H38: 881 | I38: =IFERROR(VLOOKUP(F38,$B$8:$D$37,3,0),"")
F39: 364532 | G39: 40074 | H39: 758 | I39: =IFERROR(VLOOKUP(F39,$B$8:$D$37,3,0),"")
F40: 364533 | G40: 40128 | H40: 635 | I40: =IFERROR(VLOOKUP(F40,$B$8:$D$37,3,0),"")
F41: 364534 | G41: 40064 | H41: 512 | I41: =IFERROR(VLOOKUP(F41,$B$8:$D$37,3,0),"")
F42: 364535 | G42: 40257 | H42: 389 | I42: =IFERROR(VLOOKUP(F42,$B$8:$D$37,3,0),"")
F43: 364536 | G43: 40146 | H43: 266 | I43: =IFERROR(VLOOKUP(F43,$B$8:$D$37,3,0),"")
F44: 364537 | G44: 40009 | H44: 143 | I44: =IFERROR(VLOOKUP(F44,$B$8:$D$37,3,0),"")
F45: 364538 | G45: 40067 | H45: 20 | I45: =IFERROR(VLOOKUP(F45,$B$8:$D$37,3,0),"")
F46: 364539 | G46: 40040 | H46: 40 | I46: =IFERROR(VLOOKUP(F46,$B$8:$D$37,3,0),"")
F47: 364540 | G47: 40266 | H47: 65 | I47: =IFERROR(VLOOKUP(F47,$B$8:$D$37,3,0),"")
F48: 364541 | G48: 40178 | H48: 90 | I48: =IFERROR(VLOOKUP(F48,$B$8:$D$37,3,0),"")
F49: 364542 | G49: 40107 | H49: 115 | I49: =IFERROR(VLOOKUP(F49,$B$8:$D$37,3,0),"")
... F114: 364607 | G114: 40104 | H114: 1740 | I114: =IFERROR(VLOOKUP(F114,$B$8:$D$37,3,0),"")

Sheet 5- Range VLookup
A1: Key Learning
A2: 5 | B2: Extract Grade from using Range Lookup
B4: CATEGORY
A5: Group Members: | B5: Presentation | C5: Technicality | D5: Content | E5: Total | F5: Letter Grade | H5: GRADES
A6: Students A, B, C | B6: 30% | C6: 35% | D6: 35% | E6: 100% | H6: Grade | I6: Letter Grade
A7: Judge # | H7: 0 | I7: G
A8: 1 | B8: 30 | C8: 30 | D8: 35 | E8: =SUM(B8:D8) -> 95 | F8: =VLOOKUP(E8,GRADES,2,1) -> A | H8: 50 | I8: F
A9: 2 | B9: 25 | C9: 25 | D9: 25 | E9: =SUM(B9:D9) -> 75 | F9: =VLOOKUP(E9,GRADES,2,1) -> C | H9: 55 | I9: E
A10: 3 | B10: 30 | C10: 30 | D10: 25 | E10: =SUM(B10:D10) -> 85 | F10: =VLOOKUP(E10,GRADES,2,1) -> B | H10: 60 | I10: D
A11: 4 | B11: 25 | C11: 20 | D11: 21 | E11: =SUM(B11:D11) -> 66 | F11: =VLOOKUP(E11,GRADES,2,1) -> D | H11: 70 | I11: C
A12: 5 | B12: 24 | C12: 28 | D12: 29 | E12: =SUM(B12:D12) -> 81 | F12: =VLOOKUP(E12,GRADES,2,1) -> B | H12: 80 | I12: B
A13: 6 | B13: 15 | C13: 15 | D13: 15 | E13: =SUM(B13:D13) -> 45 | F13: =VLOOKUP(E13,GRADES,2,1) -> G | H13: 90 | I13: A
A14: 7 | B14: 15 | C14: 30 | D14: 20 | E14: =SUM(B14:D14) -> 65 | F14: =VLOOKUP(E14,GRADES,2,1) -> D
A15: 8 | B15: 30 | C15: 35 | D15: 35 | E15: =SUM(B15:D15) -> 100 | F15: =VLOOKUP(E15,GRADES,2,1) -> A
A16: 9 | B16: 30 | C16: 35 | D16: 35 | E16: =SUM(B16:D16) -> 100 | F16: =VLOOKUP(E16,GRADES,2,1) -> A
A17: 10 | B17: 28 | C17: 32 | D17: 28 | E17: =SUM(B17:D17) -> 88 | F17: =VLOOKUP(E17,GRADES,2,1) -> B
A18: 11 | B18: 30 | C18: 34 | D18: 33 | E18: =SUM(B18:D18) -> 97 | F18: =VLOOKUP(E18,GRADES,2,1) -> A
A19: 12 | B19: 25 | C19: 30 | D19: 27 | E19: =SUM(B19:D19) -> 82 | F19: =VLOOKUP(E19,GRADES,2,1) -> B
A20: 13 | B20: 30 | C20: 35 | D20: 30 | E20: =SUM(B20:D20) -> 95 | F20: =VLOOKUP(E20,GRADES,2,1) -> A
E21: =(AVERAGE(E8:E19)+E20)/2 -> 88.291667 | F21: =VLOOKUP(E21,GRADES,2,1) -> B

Sheet 6- HLookup
A1: Key Learning
A2: 6 | B2: Extract Data using Hlookup
A4: Person | B4: Sales | C4: Bonus
A5: Mark | B5: 4300 | C5: =HLOOKUP(B5,$B$10:$F$11,2,1) -> 200
A6: Mike | B6: 2220 | C6: =HLOOKUP(B6,$B$10:$F$11,2,1) -> 100
A7: Paul | B7: 7890 | C7: =HLOOKUP(B7,$B$10:$F$11,2,1) -> 250
A8: Jane | B8: 6130 | C8: =HLOOKUP(B8,$B$10:$F$11,2,1) -> 250
A10: Bonus Target | B10: 1000 | C10: 2000 | D10: 3000 | E10: 4000 | F10: 5000
A11: Bonus Amount | B11: 50 | C11: 100 | D11: 150 | E11: 200 | F11: 250

Sheet 7- Duplicate Data
A1: Key Learning
A2: 7 | B2: Extracting from Duplicate Data
H4: Master Data of IT Accessories Sold
A5: Helper Col | B5: Code | C5: Name | D5: Product | E5: Total | H5: Helper Col | I5: Code | J5: Name | K5: Product | L5: Qty | M5: Sales | N5: Total
A6: =COUNTIFS($B$6:B6,B6)&B6 -> 11001 | B6: 1001 | C6: Jahangir | D6: =VLOOKUP(A6,H6:K18,4,0) -> Mouse | E6: =VLOOKUP(A6,H6:N18,7,0) -> 7000 | H6: =COUNTIFS($I$6:I6,I6)&I6 -> 11001 | I6: 1001 | J6: Jahangir | K6: Mouse | L6: 20 | M6: 350 | N6: =L6*M6 -> 7000
A7: =COUNTIFS($B$6:B7,B7)&B7 -> 11002 | B7: 1002 | C7: Sachwani | D7: =VLOOKUP(A7,H7:K19,4,0) -> Headphone | E7: =VLOOKUP(A7,H7:N19,7,0) -> 15200 | H7: =COUNTIFS($I$6:I7,I7)&I7 -> 11002 | I7: 1002 | J7: Sachwani | K7: Headphone | L7: 19 | M7: 800 | N7: =L7*M7 -> 15200
A8: =COUNTIFS($B$6:B8,B8)&B8 -> 11003 | B8: 1003 | C8: Excel | D8: =VLOOKUP(A8,H8:K20,4,0) -> Speaker | E8: =VLOOKUP(A8,H8:N20,7,0) -> 18000 | H8: =COUNTIFS($I$6:I8,I8)&I8 -> 11003 | I8: 1003 | J8: Excel | K8: Speaker | L8: 12 | M8: 1500 | N8: =L8*M8 -> 18000
A9: =COUNTIFS($B$6:B9,B9)&B9 -> 11004 | B9: 1004 | C9: for | D9: =VLOOKUP(A9,H9:K21,4,0) -> Mic | E9: =VLOOKUP(A9,H9:N21,7,0) -> 1200 | H9: =COUNTIFS($I$6:I9,I9)&I9 -> 11004 | I9: 1004 | J9: for | K9: Mic | L9: 6 | M9: 200 | N9: =L9*M9 -> 1200
A10: =COUNTIFS($B$6:B10,B10)&B10 -> 11005 | B10: 1005 | C10: HR | D10: =VLOOKUP(A10,H10:K22,4,0) -> Mouse | E10: =VLOOKUP(A10,H10:N22,7,0) -> 4900 | H10: =COUNTIFS($I$6:I10,I10)&I10 -> 11005 | I10: 1005 | J10: HR | K10: Mouse | L10: 14 | M10: 350 | N10: =L10*M10 -> 4900
A11: =COUNTIFS($B$6:B11,B11)&B11 -> 21002 | B11: 1002 | C11: Sachwani | D11: =VLOOKUP(A11,H11:K23,4,0) -> Mic | E11: =VLOOKUP(A11,H11:N23,7,0) -> 3600 | H11: =COUNTIFS($I$6:I11,I11)&I11 -> 21002 | I11: 1002 | J11: Sachwani | K11: Mic | L11: 18 | M11: 200 | N11: =L11*M11 -> 3600
A12: =COUNTIFS($B$6:B12,B12)&B12 -> 21005 | B12: 1005 | C12: Webinar | D12: =VLOOKUP(A12,H12:K24,4,0) -> Speaker | E12: =VLOOKUP(A12,H12:N24,7,0) -> 19500 | H12: =COUNTIFS($I$6:I12,I12)&I12 -> 21005 | I12: 1005 | J12: Webinar | K12: Speaker | L12: 13 | M12: 1500 | N12: =L12*M12 -> 19500
A13: =COUNTIFS($B$6:B13,B13)&B13 -> 11007 | B13: 1007 | C13: Raheel | D13: =VLOOKUP(A13,H13:K25,4,0) -> Mouse | E13: =VLOOKUP(A13,H13:N25,7,0) -> 2450 | H13: =COUNTIFS($I$6:I13,I13)&I13 -> 11007 | I13: 1007 | J13: Raheel | K13: Mouse | L13: 7 | M13: 350 | N13: =L13*M13 -> 2450
A14: =COUNTIFS($B$6:B14,B14)&B14 -> 11008 | B14: 1008 | C14: Rupani | D14: =VLOOKUP(A14,H14:K26,4,0) -> Headphone | E14: =VLOOKUP(A14,H14:N26,7,0) -> 7200 | H14: =COUNTIFS($I$6:I14,I14)&I14 -> 11008 | I14: 1008 | J14: Rupani | K14: Headphone | L14: 9 | M14: 800 | N14: =L14*M14 -> 7200
A15: =COUNTIFS($B$6:B15,B15)&B15 -> 21003 | B15: 1003 | C15: Excel | D15: =VLOOKUP(A15,H15:K27,4,0) -> Mouse | E15: =VLOOKUP(A15,H15:N27,7,0) -> 2450 | H15: =COUNTIFS($I$6:I15,I15)&I15 -> 21003 | I15: 1003 | J15: Excel | K15: Mouse | L15: 7 | M15: 350 | N15: =L15*M15 -> 2450
A16: =COUNTIFS($B$6:B16,B16)&B16 -> 21008 | B16: 1008 | C16: Rupani | D16: =VLOOKUP(A16,H16:K28,4,0) -> Mic | E16: =VLOOKUP(A16,H16:N28,7,0) -> 3200 | H16: =COUNTIFS($I$6:I16,I16)&I16 -> 21008 | I16: 1008 | J16: Rupani | K16: Mic | L16: 16 | M16: 200 | N16: =L16*M16 -> 3200
A17: =COUNTIFS($B$6:B17,B17)&B17 -> 21001 | B17: 1001 | C17: Jahangir | D17: =VLOOKUP(A17,H17:K29,4,0) -> Mic | E17: =VLOOKUP(A17,H17:N29,7,0) -> 1000 | H17: =COUNTIFS($I$6:I17,I17)&I17 -> 21001 | I17: 1001 | J17: Jahangir | K17: Mic | L17: 5 | M17: 200 | N17: =L17*M17 -> 1000
A18: =COUNTIFS($B$6:B18,B18)&B18 -> 31002 | B18: 1002 | C18: Sachwani | D18: =VLOOKUP(A18,H18:K30,4,0) -> Speaker | E18: =VLOOKUP(A18,H18:N30,7,0) -> 15000 | H18: =COUNTIFS($I$6:I18,I18)&I18 -> 31002 | I18: 1002 | J18: Sachwani | K18: Speaker | L18: 10 | M18: 1500 | N18: =L18*M18 -> 15000

Sheet 8- Index Match
A1: Names | B1: Jan | C1: Feb | D1: Mar | E1: Apr | F1: May | G1: Jun | I1: Key Learning
A2: Jahangir | B2: 60 | C2: 98 | D2: 99 | E2: 60 | F2: 76 | G2: 75 | I2: 8 | J2: Extract Data using Index Match
A3: Sachwani | B3: 83 | C3: 86 | D3: 95 | E3: 56 | F3: 57 | G3: 71
A4: Haseeb | B4: 62 | C4: 86 | D4: 74 | E4: 94 | F4: 70 | G4: 72
A5: Nabeel | B5: 86 | C5: 89 | D5: 56 | E5: 61 | F5: 56 | G5: 77
B7: Name | C7: Jahangir | I7: Questions:
B8: Value | C8: =INDEX(E2:E5,MATCH(C7,A2:A5,0)) -> 60 | H8: Index | I8: What to return?
H9: Match | I9: What to find?
B10: Name | C10: Sachwani | H10: Match | I10: Where to find?
B11: Month | C11: Mar | H11: Match | I11: Exact Match
B12: Value | C12: =INDEX(B2:G5,MATCH(C10,A2:A5,0),MATCH(C11,B1:G1,0)) -> 95
